 id,       date,     time, type, cat, task, points, quest
  1, 2025-04-11, 12:00:00, prac, kff,   fz,     13,    15
  2, 2025-04-13, 12:00:00, prac, kff,   fz,     10,    15
  3, 2025-04-15, 22:11:00, prac, kff,   gm,      3,     6
  4, 2025-04-17, 12:00:00, prac, kff,   wf,      7,    15
  5, 2025-04-17, 13:00:00, prac, sek,   ee,      3,    14
  6, 2025-04-17, 14:00:00, prac, kff,   fz,     12,    15
  7, 2025-04-17, 15:30:00, prac, kff,   gm,      0,     6
  8, 2025-04-17, 18:01:01, prac, kff,   gm,      1,     6
  9, 2025-04-19, 12:00:00, prac, kff,   ie,      8,    10
 10, 2025-04-19, 18:28:00, prac, kff,   gm,      2,     6
 11, 2025-04-20, 12:00:00, prac, kff,   wf,      7,    15
 12, 2025-04-20, 11:36:00, prac, kff,   gm,      3,     6
 13, 2025-04-21, 12:00:00, prac, kff,   zf,      9,    10
 14, 2025-04-21, 13:00:00, prac, sek,   ee,      6,    14
 15, 2025-04-21, 14:00:00, prac, sek,   er,     10,    12
 16, 2025-04-21, 18:15:00, prac, kff,   gm,      3,     6
 17, 2025-04-22, 12:00:00, prac, kff,   zf,      8,    10
 18, 2025-04-22, 13:00:00, prac, kff,   ie,      9,    10
 19, 2025-04-22, 23:33:00, prac, kff,   gm,      1,     6
 20, 2025-04-23, 12:00:00, prac, sek,   ee,     11,    14
 21, 2025-04-23, 13:00:00, prac, sek,   er,     12,    12
 22, 2025-04-23, 22:06:00, prac, kff,   gm,      3,     6
 23, 2025-04-24, 12:00:00, prac, kff,   zf,      9,    10
 24, 2025-04-24, 13:00:00, prac, kff,   fz,     15,    15
 25, 2025-04-24, 14:00:00, prac, kff,   wf,      8,    15
 26, 2025-04-24, 15:21:00, prac, kff,   gm,      4,     6
 27, 2025-04-24, 16:48:00, prac, kff,   gm,      3,     6
 28, 2025-04-25, 12:00:00, prac, kff,   ie,     10,    10
 29, 2025-04-25, 13:00:00, prac, kff,   wf,      5,    15
 30, 2025-04-25, 14:00:00, prac, sek,   er,     10,    12
 31, 2025-04-25, 15:00:00, prac, sek,   ee,      6,    14
 32, 2025-04-25, 16:00:00, prac, sek,   se,     14,    14
 33, 2025-04-25, 18:15:00, prac, kff,   gm,      4,    12
 34, 2025-04-25, 19:19:00, prac, kff,   gm,      5,    12
 35, 2025-04-26, 12:00:00, prac, kff,   fz,     12,    15
 36, 2025-04-26, 12:34:00, prac, kff,   gm,      5,    12
 37, 2025-04-26, 13:00:00, prac, kff,   zf,     10,    10
 38, 2025-04-26, 14:00:00, prac, kff,   wf,      5,    15
 39, 2025-04-26, 14:39:00, prac, kff,   gm,      8,    12
 40, 2025-04-26, 15:00:00, prac, kff,   ie,      8,    10
 41, 2025-04-26, 16:00:00, prac, kff,   zf,     10,    10
 42, 2025-04-26, 17:00:00, prac, kff,   zf,     10,    10
 43, 2025-04-26, 18:00:00, prac, kff,   zf,     10,    10
 44, 2025-04-26, 19:00:00, prac, kff,   wf,      6,    15
 45, 2025-04-26, 19:08:00, prac, kff,   gm,      3,    12
 46, 2025-04-27, 12:00:00, prac, kff,   zf,     10,    10
 47, 2025-04-27, 13:00:00, prac, sek,   se,     14,    14
 48, 2025-04-27, 14:00:00, prac, sek,   se,     13,    14
 49, 2025-04-27, 15:00:00, prac, kff,   ie,     10,    10
 50, 2025-04-27, 16:00:00, prac, kff,   tv,      3,     6
 51, 2025-04-27, 17:40:00, prac, kff,   gm,     16,    25
 52, 2025-04-28, 12:00:00, prac, kff,   zf,     10,    10
 53, 2025-04-28, 13:00:00, prac, kff,   zf,      9,    10
 53, 2025-04-28, 13:44:00, prac, kff,   gm,     19,    25
 54, 2025-04-28, 14:00:00, prac, kff,   ie,      9,    10
 55, 2025-04-28, 15:00:00, prac, kff,   fz,     13,    15
 56, 2025-04-28, 20:24:00, prac, kff,   gm,     16,    25
 57, 2025-04-29, 12:00:00, prac, kff,   ie,      9,    10
 58, 2025-04-29, 13:00:00, prac, kff,   wf,     11,    15
 59, 2025-04-29, 14:00:00, prac,  tv,   tv,      6,     6
 60, 2025-04-29, 21:19:00, prac, kff,   gm,     15,    25
 61, 2025-04-30, 12:00:00, prac, kff,   wf,     10,    15
 62, 2025-04-30, 18:25:00, prac, kff,   gm,     11,    25
 63, 2025-05-01, 15:31:00, prac, sek,   er,     11,    12
 64, 2025-05-01, 16:18:00, prac, sek,   ee,     10,    14
 65, 2025-05-01, 16:53:00, prac, sek,   se,     12,    14
 66, 2025-05-01, 17:59:58, prac, kff,   wf,     14,    15
 67, 2025-05-01, 19:00:00, prac,  tv,   tv,      5,     6
 68, 2025-05-02, 11:15:00, prac, kff,   zf,     10,    10
 69, 2025-05-02, 11:54:00, prac, kff,   gm,     22,    25
 70, 2025-05-02, 12:15:00, prac, kff,   fz,     13,    15
 71, 2025-05-02, 13:13:00, prac,  tv,   tv,      5,     6
 72, 2025-05-02, 13:29:00, prac, kff,   ie,     10,    10
 73, 2025-05-02, 13:46:00, prac, kff,   wf,     14,    15
 74, 2025-05-03, 15:15:00, prac, kff,   wf,     15,    15
 75, 2025-05-03, 15:47:59, prac, kff,   gm,     20,    25
 76, 2025-05-03, 16:36:00, prac,  tv,   tv,      2,     6
 77, 2025-05-03, 20:54:07, prac, sek,   er,     12,    12
 78, 2025-05-03, 21:21:09, prac, sek,   ee,      8,    14
 79, 2025-05-03, 21:47:58, prac, sek,   se,     12,    14
 80, 2025-05-04, 14:40:21,  sim, bms,   bi,      7,    10
 81, 2025-05-04, 14:43:01,  sim, bms,   ch,      3,     6
 82, 2025-05-04, 14:49:00,  sim, bms,   ph,      2,     6
 83, 2025-05-04, 14:51:30,  sim, bms,   ma,      2,     4
 84, 2025-05-04, 14:59:10,  sim,  tv,   tv,      2,     3
 85, 2025-05-04, 15:02:32,  sim, kff,   fz,      2,     4
 86, 2025-05-04, 15:28:43,  sim, kff,   gm,      6,     6
 87, 2025-05-04, 15:33:00,  sim, kff,   zf,      3,     3
 88, 2025-05-04, 15:39:00,  sim, kff,   wf,      2,     4
 89, 2025-05-04, 15:44:00,  sim, kff,   ie,      3,     3
 90, 2025-05-04, 15:47:36,  sim, sek,   er,      3,     3
 91, 2025-05-04, 15:53:52,  sim, sek,   ee,      2,     4
 92, 2025-05-04, 16:00:00,  sim, sek,   se,      4,     4
 93, 2025-05-04, 16:44:21, prac, kff,   zf,      9,    10
 94, 2025-05-04, 17:01:05, prac, kff,   zf,     10,    10
 95, 2025-05-04, 17:44:39, prac, kff,   wf,     11,    15
 96, 2025-05-05, 17:52:08, prac, kff,   zf,     15,    15
 97, 2025-05-05, 18:11:20, prac, kff,   fz,      5,    15
 98, 2025-05-05, 18:28:31, prac, kff,   gm,     23,    25
 99, 2025-05-05, 18:57:16, prac,  tv,   tv,      3,     6
100, 2025-05-05, 19:20:17, prac, kff,   wf,     14,    15
101, 2025-05-05, 19:38:24, prac, sek,   er,     11,    12
102, 2025-05-06, 21:12:29, prac,  tv,   tv,      2,     6
103, 2025-05-06, 21:47:05, prac, kff,   zf,      8,    10
104, 2025-05-06, 22:11:53, prac, kff,   wf,     15,    15
105, 2025-05-07, 09:38:56, prac, kff,   zf,     10,    10
107, 2025-05-07, 10:05:14, prac, kff,   gm,     20,    25
108, 2025-05-07, 12:37:12, prac, kff,   wf,     11,    15
109, 2025-05-07, 13:08:05, prac, kff,   ie,      8,    10
110, 2025-05-08, 20:48:10, prac, kff,   fz,     15,    15
111, 2025-05-08, 21:17:39, prac, kff,   wf,     14,    15
112, 2025-05-08, 21:35:14, prac, sek,   er,     12,    12
113, 2025-05-08, 22:04:22, prac, sek,   ee,      6,    14
114, 2025-05-08, 22:29:00, prac, sek,   se,     13,    14
115, 2025-05-08, 23:27:30, prac, kff,   zf,     10,    10
116, 2025-05-09, 00:09:50, prac, kff,   zf,      8,    10
117, 2025-05-09, 12:22:00, prac,  tv,   tv,     10,    12
118, 2025-05-09, 14:18:00, prac, kff,   gm,     24,    25
119, 2025-05-09, 15:01:00, prac, kff,   wf,     14,    15
120, 2025-05-09, 15:20:00, prac, sek,   ee,      9,    14
121, 2025-05-10, 17:17:00, prac, kff,   wf,     13,    15
122, 2025-05-10, 17:48:00, prac, kff,   gm,     21,    25
123, 2025-05-10, 18:04:00, prac, kff,   ie,     10,    10
124, 2025-05-10, 18:31:00, prac, sek,   se,     13,    14
125, 2025-05-10, 19:37:00, prac,  tv,   tv,     10,    12
126, 2025-05-11, 12:00:00,  sim, bms,   bi,      5,    10
127, 2025-05-11, 12:07:30,  sim, bms,   ch,      2,     6
128, 2025-05-11, 12:12:50,  sim, bms,   ph,      1,     6
129, 2025-05-11, 12:16:30,  sim, bms,   ma,      1,     4
130, 2025-05-11, 12:22:30,  sim,  tv,   tv,      3,     3
131, 2025-05-11, 12:28:30,  sim, kff,   fz,      3,     4
132, 2025-05-11, 12:36:30,  sim, kff,   gm,      4,     6
133, 2025-05-11, 12:40:30,  sim, kff,   zf,      3,     3
134, 2025-05-11, 12:44:40,  sim, kff,   wf,      1,     4
135, 2025-05-11, 12:40:10,  sim, kff,   ie,      2,     3
136, 2025-05-11, 12:43:20,  sim, sek,   er,      3,     3
137, 2025-05-11, 12:45:20,  sim, sek,   ee,      1,     4
138, 2025-05-11, 12:47:50,  sim, sek,   se,      3,     4
139, 2025-05-11, 16:51:56, prac, kff,   zf,      9,    10
140, 2025-05-11, 17:18:12, prac, kff,   zf,      9,    10
141, 2025-05-11, 17:29:55, prac, kff,   ie,      9,    10
142, 2025-05-11, 17:53:53, prac, kff,   fz,     14,    15
143, 2025-05-11, 18:20:18, prac, kff,   wf,      9,    15
144, 2025-05-11, 18:40:15, prac, bms,   bi,      7,    10
145, 2025-05-11, 19:06:43, prac, sek,   ee,      9,    14
146, 2025-05-11, 19:41:57, prac, sek,   er,     12,    12
147, 2025-05-11, 20:00:47, prac, sek,   se,     13,    14
148, 2025-05-12, 21:29:19, prac, kff,   fz,     14,    15
149, 2025-05-12, 21:52:34, prac, kff,   wf,     11,    15
150, 2025-05-12, 22:11:18, prac, kff,   gm,     22,    25
151, 2025-05-12, 22:27:20, prac, sek,   er,     12,    12
152, 2025-05-13, 21:51:47, prac, kff,   zf,     10,    10
153, 2025-05-13, 22:08:57, prac, sek,   ee,      6,    14
154, 2025-05-13, 22:31:50, prac, kff,   gm,     23,    25
155, 2025-05-14, 22:07:10, prac,  tv,   tv,      9,    12
156, 2025-05-14, 22:37:00, prac, kff,   wf,      4,    15
157, 2025-05-14, 22:53:59, prac, kff,   ie,      9,    10
158, 2025-05-14, 23:29:40, prac, sek,   se,     14,    14
159, 2025-05-16, 13:51:18, prac, sek,   er,     11,    12
160, 2025-05-16, 15:19:22, prac, sek,   ee,      8,    14
161, 2025-05-16, 15:35:10, prac, kff,   zf,     10,    10
162, 2025-05-16, 16:00:00, prac, kff,   wf,      8,    15
163, 2025-05-16, 16:28:55, prac, kff,   zf,     14,    15
164, 2025-05-16, 16:50:00, prac, kff,   wf,     10,    15
165, 2025-05-16, 18:46:17, prac, kff,   gm,     23,    25
166, 2025-05-16, 20:50:41, prac,  tv,   tv,      6,    12
167, 2025-05-17, 10:52:16, prac, sek,   se,     14,    14
168, 2025-05-17, 11:04:33, prac, kff,   ie,      8,    10
169, 2025-05-17, 11:33:42, prac, kff,   wf,      9,    15
170, 2025-05-17, 12:47:25, prac,  tv,   tv,      7,    12
171, 2025-05-17, 21:49:44, prac, kff,   gm,     21,    25
172, 2025-05-18, 12:31:57, prac, kff,   fz,     13,    15
173, 2025-05-18, 12:53:07, prac, kff,   zf,     10,    10
174, 2025-05-18, 13:12:07, prac, kff,   ie,     10,    10
175, 2025-05-18, 14:25:00, prac, kff,   gm,     25,    25
176, 2025-05-18, 18:13:00, prac, kff,   wf,     13,    15
177, 2025-05-18, 19:36:26, prac, sek,   er,     11,    12
178, 2025-05-19, 13:06:37,  sim, bms,   bi,     14,    20
179, 2025-05-19, 13:15:21,  sim, bms,   ch,      2,    12
180, 2025-05-19, 13:32:13,  sim, bms,   ph,      5,     9
181, 2025-05-19, 13:46:49,  sim, bms,   ma,      4,     6
182, 2025-05-19, 14:21:52,  sim,  tv,   tv,      3,     6
183, 2025-05-19, 14:31:00,  sim, kff,   fz,      3,     7
184, 2025-05-19, 14:39:57,  sim, kff,   gm,     10,    12
185, 2025-05-19, 14:51:54,  sim, kff,   zf,      5,     5
186, 2025-05-19, 14:59:00,  sim, kff,   wf,      3,     7
187, 2025-05-19, 15:04:00,  sim, kff,   ie,      4,     5
188, 2025-05-19, 15:20:57,  sim, sek,   er,      6,     6
189, 2025-05-19, 15:30:21,  sim, sek,   ee,      2,     7
190, 2025-05-19, 15:40:33,  sim, sek,   se,      7,     7
191, 2025-05-19, 18:08:56, prac,  tv,   tv,      8,    12
192, 2025-05-20, 20:27:53, prac,  tv,   tv,      9,    12
193, 2025-05-20, 20:52:22, prac, kff,   zf,     10,    10
194, 2025-05-20, 21:08:19, prac, kff,   zf,     10,    10
195, 2025-05-20, 21:44:15, prac, sek,   ee,      6,    14
196, 2025-05-20, 22:17:27, prac, kff,   wf,      9,    15
197, 2025-05-21, 13:52:03, prac, sek,   se,     10,    10
198, 2025-05-21, 14:47:00, prac, kff,   ie,      9,    10
199, 2025-05-21, 16:00:39, prac, kff,   fz,     13,    15
200, 2025-05-21, 16:14:16, prac, kff,   zf,      9,    10
201, 2025-05-22, 14:15:00, prac, bms,   bi,     23,    40
202, 2025-05-22, 21:12:53, prac, sek,   er,     11,    12
203, 2025-05-22, 21:35:00, prac, kff,   wf,      7,    15
204, 2025-05-22, 21:53:41, prac, kff,   gm,     21,    25
205, 2025-05-22, 22:21:12, prac, kff,   fz,     10,    15
206, 2025-05-23, 09:19:00, prac, bms,   ma,      5,    12
207, 2025-05-23, 09:59:44, prac, kff,   zf,      9,    10
208, 2025-05-23, 12:11:50, prac,  tv,   tv,      9,    12
209, 2025-05-23, 14:36:29, prac, sek,   ee,      9,    14
210, 2025-05-23, 15:09:41, prac, kff,   fz,     11,    15
211, 2025-05-24, 13:48:26, prac, kff,   ie,      9,    10
212, 2025-05-24, 14:14:46, prac, sek,   se,     14,    14
213, 2025-05-24, 14:47:00, prac, bms,   ch,     11,    24
214, 2025-05-26, 15:28:26,  sim, bms,   bi,     14,    20
215, 2025-05-26, 15:39:28,  sim, bms,   ch,      5,    12
216, 2025-05-26, 15:48:26,  sim, bms,   ph,      3,     9
217, 2025-05-26, 15:54:19,  sim, bms,   ma,      5,     6
217, 2025-05-26, 16:32:24,  sim,  tv,   tv,      2,     6
218, 2025-05-26, 16:45:07,  sim, kff,   fz,      6,     7
219, 2025-05-26, 16:59:41,  sim, kff,   zf,      5,     5
220, 2025-05-26, 16:53:40,  sim, kff,   gm,     11,    12
221, 2025-05-26, 17:09:35,  sim, kff,   wf,      5,     7
222, 2025-05-26, 17:26:46,  sim, kff,   ie,      5,     5
223, 2025-05-26, 17:35:00,  sim, sek,   er,      6,     6
224, 2025-05-26, 17:44:15,  sim, sek,   ee,      2,     7
225, 2025-05-26, 17:54:12,  sim, sek,   se,      7,     7
226, 2025-05-27, 23:09:25, prac, kff,   fz,     13,    15
227, 2025-05-27, 23:35:08, prac, sek,   er,      9,    12
228, 2025-05-27, 23:58:17, prac, kff,   zf,      9,    10
229, 2025-05-28, 00:16:23, prac, kff,   ie,     10,    10
230, 2025-05-28, 10:45:28, prac, kff,   wf,      7,    15
231, 2025-05-28, 11:11:00, prac, bms,   bi,     28,    40
232, 2025-05-28, 15:54:09, prac, sek,   ee,      7,    14
233, 2025-05-28, 16:23:24, prac, sek,   se,     14,    14
234, 2025-05-28, 16:50:00, prac, bms,   ph,      9,    18
235, 2025-05-28, 19:12:38, prac, kff,   zf,      7,    10
236, 2025-05-28, 19:46:43, prac, kff,   gm,     22,    25
237, 2025-05-29, 13:10:02, prac, kff,   fz,     12,    15
238, 2025-05-29, 13:48:48, prac,  tv,   tv,      7,    12
239, 2025-05-29, 16:10:00, prac, bms,   bi,     30,    40
240, 2025-05-31, 10:09:30, prac,  tv,   tv,      9,    12
241, 2025-05-31, 10:30:31, prac, kff,   zf,      9,    10
242, 2025-05-31, 10:49:23, prac, kff,   ie,      8,    10
243, 2025-05-31, 11:52:06, prac, sek,   er,      9,    12
244, 2025-05-31, 12:23:21, prac, sek,   ee,      9,    14
245, 2025-05-31, 13:29:57, prac, sek,   se,     14,    14
246, 2025-05-31, 15:21:21, prac, kff,   gm,     23,    25
247, 2025-06-02, 13:19:00, prac, bms,   ch,     15,    24
248, 2025-06-02, 14:51:00, prac, bms,   ma,      6,    12
249, 2025-06-02, 16:45:26, prac, sek,   er,     11,    12
250, 2025-06-02, 19:48:36, prac, kff,   fz,     13,    15
251, 2025-06-02, 22:32:50, prac, sek,   ee,      9,    14
252, 2025-06-03, 21:22:17, prac, kff,   zf,      6,    10
253, 2025-06-05, 20:06:48, prac, kff,   fz,     11,    15
254, 2025-06-05, 20:19:26, prac, kff,   ie,      8,    10
255, 2025-06-05, 20:37:22, prac, kff,   gm,     21,    25
256, 2025-06-06, 16:17:32,  sim, bms,   bi,     12,    20
257, 2025-06-06, 16:26:32,  sim, bms,   ch,      2,    12
258, 2025-06-06, 16:47:54,  sim, bms,   ph,      5,     9
259, 2025-06-06, 16:53:51,  sim, bms,   ma,      1,     6
260, 2025-06-06, 17:58:43,  sim,  tv,   tv,      5,     6
261, 2025-06-06, 18:08:35,  sim, kff,   fz,      6,     7
262, 2025-06-06, 18:17:13,  sim, kff,   gm,      8,    12     
263, 2025-06-06, 18:22:45,  sim, kff,   zf,      5,     5
264, 2025-06-06, 18:33:13,  sim, kff,   wf,      2,     7
265, 2025-06-06, 18:45:00,  sim, kff,   ie,      4,     5
266, 2025-06-06, 19:01:57,  sim, sek,   er,      6,     6
267, 2025-06-06, 19:05:27,  sim, sek,   ee,      3,     7
268, 2025-06-06, 19:13:06,  sim, sek,   se,      7,     7
269, 2025-06-11, 13:35:51, prac, kff,   fz,     12,    15
270, 2025-06-11, 13:55:02, prac, kff,   zf,      7,    10
271, 2025-06-11, 15:22:28, prac, sek,   er,     12,    12
272, 2025-06-11, 15:42:11, prac, sek,   ee,      8,    14
273, 2025-06-11, 16:42:45, prac, sek,   se,     14,    14
274, 2025-06-11, 17:12:30, prac, kff,   ie,      8,    10
275, 2025-06-12, 11:35:36, prac, kff,   wf,      6,    15
276, 2025-06-12, 12:24:23, prac, kff,   fz,     13,    15
277, 2025-06-13, 19:23:20, prac, kff,   fz,     13,    15
278, 2025-06-13, 20:29:38, prac, kff,   zf,      7,    10
279, 2025-06-13, 20:45:34, prac, kff,   ie,      8,    10
280, 2025-06-14, 10:59:53, prac,  tv,   tv,      8,    12
281, 2025-06-14, 14:00:15, prac, kff,   ie,      8,    10
282, 2025-06-14, 14:17:28, prac, sek,   er,     13,    14
283, 2025-06-14, 14:35:33, prac, sek,   ee,      9,    14
284, 2025-06-14, 15:16:03, prac, sek,   se,     14,    14
285, 2025-06-15, 12:34:00,  sim, bms,   bi,     32,    40
286, 2025-06-15, 13:04:32,  sim, bms,   ch,      9,    24
287, 2025-06-15, 13:50:43,  sim, bms,   ph,      7,    18
288, 2025-06-15, 14:12:26,  sim, bms,   ma,      4,    12
289, 2025-06-15, 15:18:56,  sim,  tv,   tv,      7,    12
290, 2025-06-15, 15:42:55,  sim, kff,   fz,      7,    15
291, 2025-06-15, 16:01:33,  sim, kff,   gm,     22,    25
292, 2025-06-15, 16:10:39,  sim, kff,   zf,     10,    10
293, 2025-06-15, 16:33:52,  sim, kff,   wf,      3,    15
294, 2025-06-15, 17:03:23,  sim, kff,   ie,      9,    10
295, 2025-06-17, 10:34:23,  sim, sek,   er,     12,    12
296, 2025-06-17, 11:10:24,  sim, sek,   ee,      6,    14
297, 2025-06-17, 11:30:04,  sim, sek,   se,     15,    15
298, 2025-06-19, 10:20:54, prac, kff,   fz,     12,    15
299, 2025-06-19, 10:44:09, prac, kff,   zf,      8,    10
300, 2025-06-19, 11:35:07, prac,  tv,   tv,      7,    12
301, 2025-06-19, 12:49:36, prac, kff,   ie,      9,    10
302, 2025-06-19, 13:23:56, prac, sek,   er,     10,    12
303, 2025-06-19, 12:37:02, prac, sek,   ee,      7,    14
304, 2025-06-19, 14:22:06, prac, sek,   se,     14,    14
305, 2025-06-19, 16:11:45, prac, kff,   gm,     22,    25
306, 2025-06-22, 15:53:52, prac, kff,   fz,     13,    15
307, 2025-06-22, 18:54:46, prac, kff,   zf,      7,    10
308, 2025-06-22, 21:23:44, prac, kff,   ie,     10,    10
309, 2025-06-22, 22:21:00, prac, sek,   er,     11,    12
310, 2025-06-24, 12:23:00,  sim, bms,   bi,     23,    40
311, 2025-06-24, 12:43:05,  sim, bms,   ch,      9,    24
312, 2025-06-24, 13:15:39,  sim, bms,   ph,      7,    18
313, 2025-06-24, 13:32:13,  sim, bms,   ma,      5,    12
314, 2025-06-24, 15:05:40,  sim,  tv,   tv,      8,    12  
315, 2025-06-24, 15:32:10,  sim, kff,   fz,      8,    15
316, 2025-06-24, 16:00:43,  sim, kff,   gm,     25,    25   
317, 2025-06-24, 16:10:32,  sim, kff,   zf,     10,    10
318, 2025-06-24, 16:22:00,  sim, kff,   wf,      6,    15
319, 2025-06-24, 16:30:19,  sim, kff,   ie,     10,    10
320, 2025-06-25, 10:55:09,  sim, sek,   er,     12,    12
321, 2025-06-25, 11:38:22,  sim, sek,   ee,      6,    14
323, 2025-06-25, 12:12:00,  sim, sek,   se,     14,    14